kanji,hiragana,english,kanji_required
会う,あう,to meet,x
青,あお,blue,x
青い,あおい,blue,x
赤,あか,red,x
赤い,あかい,red,x
明い,あかるい,bright,x
秋,あき,autumn,x
開く,あく,"to open,to become open",x
開ける,あける,to open,x
上げる,あげる,to give,x
朝,あさ,morning,x
朝御飯,あさごはん,breakfast,x
,あさって,day after tomorrow,
足,あし,"foot,leg",x
明日,あした,tomorrow,x
,あそこ,over there,
遊ぶ,あそぶ,"to play,to make a visit",
暖かい,あたたかい,warm,x
頭,あたま,head,x
新しい,あたらしい,new,x
,あちら,there,
暑い,あつい,hot,x
熱い,あつい,hot to the touch,x
厚い,あつい,"kind, deep, thick",
,あっち,over there,
後,あと,afterwards,x
,あなた,you,
兄,あに,(humble) older brother,x
姉,あね,(humble) older sister,x
,あの,that over there,
,あの,um...,
,アパート,apartment,
,あびる,"to bathe,to shower",
危ない,あぶない,dangerous,x
甘い,あまい,sweet,x
,あまり,not very,
雨,あめ,rain,x
飴,あめ,candy,
洗う,あらう,to wash,x
,ある,"to be,to have (used for inanimate objects)",
歩く,あるく,to walk,x
,あれ,that,
,いい/よい,good,
,いいえ,no,
言う,いう,to say,x
家,いえ,house,x
,いかが,how,
行く,いく,to go,x
,いくつ,"how many?,how old?",
,いくら,how much?,
池,いけ,pond,
医者,いしゃ,medical doctor,
,いす,chair,
忙しい,いそがしい,"busy,irritated",x
痛い,いたい,painful,x
一,いち,one,x
一日,いちにち,"(1) one day, (2) first of month",x
,いちばん,"best,first",
,いつ,when,
五日,いつか,"five days, fifth day",x
一緒,いっしょ,together,
五つ,いつつ,five,x
,いつも,always,
犬,いぬ,dog,x
今,いま,now,x
意味,いみ,meaning,
妹,いもうと,(humble) younger sister,x
嫌,いや,unpleasant,
入口,いりぐち,entrance,x
居る,いる,"to be, to have (used for people and animals)",x
要る,いる,to need,x
入れる,いれる,to put in,x
色,いろ,colour,x
,いろいろ,various,
上,うえ,on top of,x
後ろ,うしろ,behind,x
薄い,うすい,"thin,weak",
歌,うた,song,
歌う,うたう,to sing,
生まれる,うまれる,to be born,x
海,うみ,sea,x
売る,うる,to sell,
煩い,うるさい,"noisy,annoying",
上着,うわぎ,jacket,
絵,え,picture,
映画,えいが,movie,x
映画館,えいがかん,cinema,x
英語,えいご,English language,x
,ええ,yes,
駅,えき,station,x
,エレベーター,elevator,
鉛筆,えんぴつ,pencil,
,おいしい,delicious,
多い,おおい,many,x
大きい,おおきい,big,x
大きな,おおきな,big,x
大勢,おおぜい,great number of people,x
お母さん,おかあさん,(honorable) mother,x
お菓子,おかし,"sweets, candy",
お金,おかね,money,x
起きる,おきる,to get up,x
置く,おく,to put,
奥さん,おくさん,(honorable) wife,x
お酒,おさけ,"alcohol, rice wine",x
お皿,おさら,"plate, dish",x
伯父/叔父,おじいさん,"grandfather,male senior citizen",x
教える,おしえる,"to teach,to tell",x
伯父/叔父,おじさん,"uncle,middle aged gentleman",x
押す,おす,"to push, to stamp something",
遅い,おそい,"late,slow",x
お茶,おちゃ,green tea,
お手洗い,おてあらい,bathroom,x
お父さん,おとうさん,(honorable) father,x
弟,おとうと,younger brother,x
男,おとこ,man,x
男の子,おとこのこ,boy,x
一昨日,おととい,day before yesterday,x
一昨年,おととし,year before last,x
大人,おとな,adult,x
,おなか,stomach,
同じ,おなじ,same,x
お兄さん,おにいさん,(honorable) older brother,x
お姉さん,おねえさん,(honorable) older sister,x
,おばあさん,"grandmother,female senior-citizen",
伯母さん/叔母さん,おばさん,aunt,x
お風呂,おふろ,bath,
お弁当,おべんとう,boxed lunch,x
覚える,おぼえる,to remember,
,おまわりさん,friendly term for policeman,
重い,おもい,heavy,x
,おもしろい,interesting,
泳ぐ,およぐ,to swim,
降りる,おりる,"to get off, to descend",
終る,おわる,to finish,
音楽,おんがく,music,x
女,おんな,woman,x
女の子,おんなのこ,girl,x
外国,がいこく,foreign country,x
外国人,がいこくじん,foreigner,x
会社,かいしゃ,company,x
階段,かいだん,stairs,
買い物,かいもの,shopping,x
買う,かう,to buy,x
返す,かえす,to return something,
帰る,かえる,to go back,x
,かかる,to take time or money,
,かぎ,key,
書く,かく,to write,x
学生,がくせい,student,x
,かける,to call by phone,
傘,かさ,umbrella,
貸す,かす,to lend,
風,かぜ,wind,x
風邪,かぜ,a cold,x
家族,かぞく,family,x
方,かた,"person, way of doing",x
学校,がっこう,school,x
,カップ,cup,
家庭,かてい,household,
角,かど,a corner,
,かばん,"bag,basket",
花瓶,かびん,a vase,x
紙,かみ,paper,x
,カメラ,camera,
火曜日,かようび,Tuesday,x
辛い,からい,spicy,
体,からだ,body,x
借りる,かりる,to borrow,
軽い,かるい,light,x
,カレー,curry,
,カレンダー,calendar,
川/河,かわ,river,x
,かわいい,cute,
漢字,かんじ,Chinese character,x
木,き,"tree,wood",x
黄色,きいろ,yellow,x
黄色い,きいろい,yellow,x
消える,きえる,to disappear,
聞く,きく,"to hear,to listen to,to ask",
北,きた,north,x
,ギター,guitar,
汚い,きたない,dirty,
喫茶店,きっさてん,coffee lounge,
切手,きって,postage stamp,
切符,きっぷ,ticket,
昨日,きのう,yesterday,x
九,きゅう / く,nine,x
牛肉,ぎゅうにく,beef,x
牛乳,ぎゅうにゅう,milk,x
今日,きょう,today,x
教室,きょうしつ,classroom,x
兄弟,きょうだい,(humble) siblings,x
去年,きょねん,last year,x
嫌い,きらい,hate,
切る,きる,to cut,
着る,きる,to put on from the shoulders down,x
,きれい,"pretty,clean",
,キロ/キログラム,kilogram,
,キロ/キロメートル,kilometre,
銀行,ぎんこう,bank,x
金曜日,きんようび,Friday,s
薬,くすり,medicine,x
,ください,please,
果物,くだもの,fruit,
口,くち,"mouth,opening",x
靴,くつ,shoes,
靴下,くつした,socks,
国,くに,country,x
曇り,くもり,cloudy weather,
曇る,くもる,"to become cloudy,to become dim",
暗い,くらい,gloomy,x
,クラス,class,
,グラム,gram,
来る,くる,to come,x
車,くるま,"car,vehicle",x
黒,くろ,black,x
黒い,くろい,black,x
警官,けいかん,policeman,
今朝,けさ,this morning,x
消す,けす,"to erase,to turn off power",
結構,けっこう,"splendid,enough",
結婚,けっこん,marriage,
月曜日,げつようび,Monday,x
玄関,げんかん,entry hall,
元気,げんき,"health, vitality",x
五,ご,five,x
公園,こうえん,park,
交差点,こうさてん,intersection,
紅茶,こうちゃ,black tea,
交番,こうばん,police box,
声,こえ,voice,x
,コート,"coat,tennis court",
,コーヒー,coffee,
,ここ,here,
午後,ごご,afternoon,x
九日,ここのか,"nine days, ninth day",x
九つ,ここのつ,nine,x
午前,ごぜん,morning,x
答える,こたえる,to answer,x
,こちら,this person or way,
,こっち,this person or way,
,コップ,a glass,
今年,ことし,this year,x
言葉,ことば,"word,language",x
子供,こども,child,x
,この,this,
御飯,ごはん,"cooked rice,meal",
,コピーする,to copy,
困る,こまる,to be worried,
,これ,this,
今月,こんげつ,this month,x
今週,こんしゅう,this week,x
,こんな,such,
今晩,こんばん,this evening,
,さあ,well…,
財布,さいふ,wallet,
魚,さかな,fish,x
先,さき,"the future,previous",x
咲く,さく,to bloom,
作文,さくぶん,"composition,writing",
差す,さす,"to stretch out hands,to raise an umbrella",
雑誌,ざっし,magazine,
砂糖,さとう,sugar,
寒い,さむい,cold,x
さ来年,さらいねん,year after next,x
三,さん,three,x
散歩,さんぽする,to stroll,
四,し / よん,four,x
塩,しお,salt,x
,しかし,however,
時間,じかん,time,x
仕事,しごと,job,x
辞書,じしょ,dictionary,x
静か,しずか,quiet,x
下,した,below,x
七,しち / なな,seven,x
質問,しつもん,question,x
自転車,じてんしゃ,bicycle,x
自動車,じどうしゃ,automobile,x
死ぬ,しぬ,to die,x
字引,じびき,dictionary,x
自分,じぶん,oneself,x
閉まる,しまる,"to close,to be closed",x
閉める,しめる,to close something,x
締める,しめる,to tie,
,じゃ/じゃあ,well then…,
写真,しゃしん,photograph,x
,シャツ,shirt,
,シャワー,shower,
十,じゅう とお,ten,x
授業,じゅぎょう,"lesson,class work",
宿題,しゅくだい,homework,x
上手,じょうず,skillful,x
丈夫,じょうぶ,"strong,durable",
,しょうゆ,soy sauce,
食堂,しょくどう,dining hall,x
知る,しる,to know,x
白,しろ,white,x
白い,しろい,white,x
新聞,しんぶん,newspaper,
水曜日,すいようび,Wednesday,x
吸う,すう,"to smoke,to suck",
,スカート,skirt,
好き,すき,like,x
少ない,すくない,a few,x
,すぐに,instantly,
少し,すこし,few,x
涼しい,すずしい,refreshing,
,ストーブ,heater,
,スプーン,spoon,
,スポーツ,sport,
,ズボン,trousers,
住む,すむ,to live in,x
,スリッパ,slippers,
,する,to do,
座る,すわる,to sit,
背,せ,"height,stature",
生徒,せいと,pupil,
,セーター,"sweater,jumper",
,せっけん,soap,
背広,せびろ,business suit,
狭い,せまい,narrow,
,ゼロ,zero,
千,せん,thousand,
先月,せんげつ,last month,x
先週,せんしゅう,last week,x
先生,せんせい,"teacher,doctor",x
洗濯,せんたく,washing,x
全部,ぜんぶ,all,x
掃除,そうじする,"to clean, to sweep",
,そうして/そして,and,
,そこ,that place,
,そちら,over there,
,そっち,over there,
外,そと,outside,
,その,that,
,そば,"near,beside",
空,そら,sky,x
,それ,that,,
,それから,after that,
,それでは,in that situation,
大学,だいがく,university,x
大使館,たいしかん,embassy,x
大丈夫,だいじょうぶ,all right,x
大好き,だいすき,like a lot,x
大切,たいせつ,important,x
台所,だいどころ,kitchen,
,たいへん,very,
,たいへん,difficult situation,
高い,たかい,"tall, expensive",x
,たくさん,many,
,タクシー,taxi,
出す,だす,to put out,x
立つ,たつ,to stand,x
,たて,"length,height",
建物,たてもの,building,x
楽しい,たのしい,enjoyable,x
頼む,たのむ,to ask,
,たばこ,"tobacco,cigarettes",
,たぶん,probably,
食べ物,たべもの,food,x
食べる,たべる,to eat,x
卵,たまご,egg,
誰,だれ,who,
誰,だれか,somebody,
誕生日,たんじょうび,birthday,
,だんだん,gradually,
小さい,ちいさい,little,
小さな,ちいさな,little,
近い,ちかい,near,x
違う,ちがう,to differ,x
近く,ちかく,near,x
地下鉄,ちかてつ,underground train,x
地図,ちず,map,x
茶色,ちゃいろ,brown,x
,ちゃわん,rice bowl,
,ちょうど,exactly,
,ちょっと,somewhat,
一日,ついたち,first of month,x
使う,つかう,to use,x
疲れる,つかれる,to get tired,
次,つぎ,next,
着く,つく,to arrive at,x
机,つくえ,desk,
作る,つくる,to make,
,つける,to turn on,
勤める,つとめる,to work for someone,
,つまらない,boring,
冷たい,つめたい,cold to the touch,
強い,つよい,powerful,x
手,て,hand,x
,テープ,tape,
,テーブル,table,
,テープレコーダー,tape recorder,
出かける,でかける,to go out,x
手紙,てがみ,letter,x
,できる,to be able to,
出口,でぐち,exit,x
,テスト,test,
,では,with that...,
,デパート,department store,
,でも,but,
出る,でる,"to appear,to leave",x
,テレビ,television,
天気,てんき,weather,x
電気,でんき,"electricity,electric light",x
電車,でんしゃ,electric train,x
電話,でんわ,telephone,x
戸,と,Japanese style door,
,ドア,Western style door,
,トイレ,toilet,
,どう,"how,in what way",
,どうして,for what reason,
,どうぞ,please,
動物,どうぶつ,animal,x
,どうも,thanks,
遠い,とおい,far,x
十日,とおか,"ten days,the tenth day",x
時々,ときどき,sometimes,
時計,とけい,"watch,clock",x
,どこ,where,
所,ところ,place,x
年,とし,year,x
図書館,としょかん,library,x
,どちら,which of two,
,どっち,which,
,とても,very,
,どなた,who,
隣,となり,next door to,x
,どの,which,
飛ぶ,とぶ,"to fly,to hop",
止まる,とまる,to come to a halt,x
友達,ともだち,friend,x
土曜日,どようび,Saturday,x
鳥,とり,bird,x
とり肉,とりにく,chicken meat,x
取る,とる,to take something,
撮る,とる,to take a photo or record a film,x
,どれ,which (of three or more),
,ナイフ,knife,
中,なか,middle,x
長い,ながい,long,x
鳴く,なく,"animal noise. to chirp, roar or croak etc.",
無くす,なくす,to lose something,
,なぜ,why,
夏,なつ,summer,x
夏休み,なつやすみ,summer holiday,x
,など,et cetera,
七つ,ななつ,seven,x
七日,なのか,"seven days,the seventh day",x
名前,なまえ,name,x
習う,ならう,to learn,x
並ぶ,ならぶ,"to line up,to stand in a line",x
並べる,ならべる,"to line up,to set up",x
,なる,to become,
何,なん/なに,what,x
二,に,two,x
賑やか,にぎやか,"bustling,busy",
肉,にく,meat,x
西,にし,west,x
日曜日,にちようび,Sunday,x
荷物,にもつ,luggage,
,ニュース,news,
庭,にわ,garden,
脱ぐ,ぬぐ,to take off clothes,
温い,ぬるい,luke warm,
,ネクタイ,"tie,necktie",
猫,ねこ,cat,x
寝る,ねる,"to go to bed,to sleep",
,ノート,"notebook,exercise book",
登る,のぼる,to climb,
飲み物,のみもの,a drink,x
飲む,のむ,to drink,x
乗る,のる,"to get on,to ride",x
歯,は,tooth,
,パーティー,party,
,はい,yes,
灰皿,はいざら,ashtray,
入る,はいる,"to enter,to contain",x
葉書,はがき,postcard,
,はく,"to wear,to put on trousers",
箱,はこ,box,
橋,はし,bridge,
,はし,chopsticks,
始まる,はじまる,to begin,x
初め/始め,はじめ,beginning,x
初めて,はじめて,for the first time,
走る,はしる,to run,x
,バス,bus,
,バター,butter,
二十歳,はたち,"20 years old,20th year",x
働く,はたらく,to work,x
八,はち,eight,x
二十日,はつか,"twenty days,twentieth",x
花,はな,flower,x
鼻,はな,nose,
話,はなし,"talk,story",x
話す,はなす,to speak,x
早い,はやい,early,x
速い,はやい,quick,x
春,はる,spring,x
貼る,はる,to stick,
晴れ,はれ,clear weather,
晴れる,はれる,to be sunny,
半,はん,half,
晩,ばん,evening,
,パン,bread,
,ハンカチ,handkerchief,
番号,ばんごう,number,
晩御飯,ばんごはん,evening meal,
半分,はんぶん,half minute,x
東,ひがし,east,x
引く,ひく,to pull,x
弾く,ひく,"to play an instrument with strings, including piano",
低い,ひくい,"short,low",
飛行機,ひこうき,aeroplane,
左,ひだり,left hand side,
人,ひと,person,x
一つ,ひとつ,one,x
一月,ひとつき,one month,x
一人,ひとり,one person,x
暇,ひま,free time,
百,ひゃく,hundred,x
病院,びょういん,hospital,x
病気,びょうき,illness,x
昼,ひる,"noon, daytime",x
昼御飯,ひるごはん,midday meal,
広い,ひろい,"spacious,wide",x
,フィルム,roll of film,
封筒,ふうとう,envelope,
,プール,swimming pool,
,フォーク,fork,
吹く,ふく,to blow,
服,ふく,clothes,x
二つ,ふたつ,two,x
豚肉,ぶたにく,pork,x
二人,ふたり,two people,x
二日,ふつか,"two days, second day of the month",x
太い,ふとい,fat,x
冬,ふゆ,winter,x
降る,ふる,"to fall, e.g. rain or snow",x
古い,ふるい,old (not used for people),x
,ふろ,bath,
文章,ぶんしょう,"sentence,text",x
,ページ,page,
下手,へた,unskillful,x
,ベッド,bed,
,ペット,pet,
部屋,へや,room,
辺,へん,area,
,ペン,pen,
勉強,べんきょうする,to study,x
便利,べんり,"useful, convenient",x
帽子,ぼうし,hat,
,ボールペン,ball-point pen,
,ほか,"other, the rest",
,ポケット,pocket,
欲しい,ほしい,want,
,ポスト,post,
細い,ほそい,thin,
,ボタン,button,
,ホテル,hotel,
本,ほん,book,x
本棚,ほんだな,bookshelves,x
,ほんとう,truth,
毎朝,まいあさ,every morning,x
毎月,まいげつ/まいつき,every month,x
毎週,まいしゅう,every week,x
毎日,まいにち,every day,x
毎年,まいねん/まいとし,every year,x
毎晩,まいばん,every night,x
前,まえ,before,x
曲る,まがる,"to turn,to bend",
,まずい,unpleasant,
,また,"again,and",
,まだ,"yet,still",
町,まち,"town,city",
待つ,まつ,to wait,x
,まっすぐ,"straight ahead,direct",
,マッチ,match,
窓,まど,window,
丸い/円い,まるい,"round,circular",x
万,まん,ten thousand,x
万年筆,まんねんひつ,fountain pen,
磨く,みがく,"to brush teeth, to polish",
右,みぎ,right side,x
短い,みじかい,short,x
水,みず,water,x
店,みせ,shop,
見せる,みせる,to show,x
道,みち,street,
三日,みっか,"three days, third day of the month",x
三つ,みっつ,three,x
緑,みどり,green,x
皆さん,みなさん,everyone,
南,みなみ,south,x
耳,みみ,ear,x
見る 観る,みる,"to see, to watch",x
,みんな,everyone,
六日,むいか,"six days, sixth day of the month",x
向こう,むこう,over there,x
難しい,むずかしい,difficult,
六つ,むっつ,six,x
村,むら,village,x
目,め,eye,x
,メートル,metre,
眼鏡,めがね,glasses,
,もう,already,
もう一度,もういちど,again,x
木曜日,もくようび,Thursday,x
持つ,もつ,to hold,x
,もっと,more,
物,もの,thing,x
門,もん,gate,x
問題,もんだい,problem,x
八百屋,やおや,greengrocer,x
野菜,やさい,vegetable,x
易しい,やさしい,"easy, simple",x
安い,やすい,cheap,
休み,やすみ,"rest,holiday",x
休む,やすむ,to rest,x
八つ,やっつ,eight,x
山,やま,mountain,x
,やる,to do,
夕方,ゆうがた,evening,x
夕飯,ゆうはん,dinner,x
郵便局,ゆうびんきょく,post office,
昨夜,ゆうべ,last night,x
有名,ゆうめい,famous,x
雪,ゆき,snow,x
行く,ゆく,to go,x
,ゆっくりと,slowly,
八日,ようか,"eight days, eighth day of the month",x
洋服,ようふく,western-style clothes,x
,よく,"often, well",
横,よこ,"beside,side,width",
四日,よっか,"four days, fouth day of the month",x
四つ,よっつ,four,x
呼ぶ,よぶ,"to call out,to invite",
読む,よむ,to read,x
夜,よる,"evening,night",x
弱い,よわい,weak,x
来月,らいげつ,next month,x
来週,らいしゅう,next week,x
来年,らいねん,next year,x
,ラジオ,radio,
,ラジカセ / ラジオカセット,radio cassette player,
,りっぱ,splendid,
留学生,りゅうがくせい,overseas student,
両親,りょうしん,both parents,
料理,りょうり,cuisine,x
旅行,りょこう,travel,x
零,れい,zero,
冷蔵庫,れいぞうこ,refrigerator,
,レコード,record,
,レストラン,restaurant,
練習,れんしゅうする,to practice,
廊下,ろうか,corridor,
六,ろく,six,
,ワイシャツ,business shirt,
若い,わかい,young,
分かる,わかる,to be understood,x
忘れる,わすれる,to forget,x
私,わたくし,"(humble) I,myself",x
私,わたし,"I,myself",x
渡す,わたす,to hand over,
渡る,わたる,to go across,
悪い,わるい,bad,x
,より、ほう,Used for comparison,
,あ,Ah,
,ああ,like that,
間,あいだ,a space,x
合う,あう,to match,x
,あかちゃん,baby,
上る,あがる,to rise,x
赤ん坊,あかんぼう,baby,x
空く,あく,"to open, to become empty",
,あげる,to give,
浅い,あさい,"shallow, superficial",
味,あじ,flavour,x
明日,あす・あした,tomorrow,x
遊び,あそび,play,
集る,あつまる,to gather,x
集める,あつめる,to collect something,x
謝る,あやまる,to apologize,
安心,あんしん,relief,
安全,あんぜん,safety,
,あんな,such,
以下,いか,less than,x
以外,いがい,with the exception of,x
医学,いがく,medical science,x
生きる,いきる,to live,x
意見,いけん,opinion,x
石,いし,stone,x
,いじめる,to tease,
以上,いじょう,"more than, this is all",x
急ぐ,いそぐ,to hurry,x
致す,いたす,(humble) to do,
一度,いちど,once,x
一生懸命,いっしょうけんめい,with utmost effort,
,いっぱい,full,
糸,いと,thread,
以内,いない,within,x
田舎,いなか,countryside,
祈る,いのる,to pray,
,いらっしゃる,"(respectful) to be, to come or to go",
植える,うえる,"to plant, to grow",
受付,うけつけ,receipt,
受ける,うける,to take a lesson or test,
動く,うごく,to move,x
,うち,within,
打つ,うつ,to hit,x
美しい,うつくしい,beautiful,
写す,うつす,to copy or photograph,x
移る,うつる,to move house or transfer,
腕,うで,arm,
裏,うら,reverse side,
売り場,うりば,place where things are sold,x
,うん,(informal) yes,
運転手,うんてんしゅ,driver,x
枝,えだ,"branch, twig",
選ぶ,えらぶ,to choose,
遠慮,えんりょ・する,"to be reserved, to be restrained",
,おいでになる,(respectful) to be,
お祝い,おいわい,congratulation,
,おかげ,"owing to, thanks to",
,おかしい,strange or funny,
億,おく,one hundred million,
屋上,おくじょう,rooftop,x
贈り物,おくりもの,gift,
送る,おくる,to send,x
遅れる,おくれる,to be late,
起す,おこす,to wake,x
行う,おこなう,to do,x
怒る,おこる,"to get angry, to be angry",
押し入れ,おしいれ,closet,
お嬢さん,おじょうさん,young lady,x
お宅,おたく,(polite) your house,
落る,おちる,to fall or drop,
,おっしゃる,(respectful) to say,
夫,おっと,husband,x
,おつり,"change from purchase, balance",
音,おと,"sound, note",x
落す,おとす,to drop,
踊り,おどり,a dance,
踊る,おどる,to dance,
驚く,おどろく,to be surprised,
お祭り,おまつり,festival,
お見舞い,おみまい,"calling on someone who is ill, enquiry",
お土産,おみやげ,souvenir,
思い出す,おもいだす,to remember,x
思う,おもう,"to think, to feel",x
,おもちゃ,toy,
表,おもて,the front,
親,おや,parents,x
泳ぎ方,およぎかた,way of swimming,
下りる,おりる,"to get off, to descend",
折る,おる,to break or to fold,
お礼,おれい,expression of gratitude,
折れる,おれる,to break or be folded,
終わり,おわり,the end,
海岸,かいがん,coast,
会議,かいぎ,meeting,
会議室,かいぎしつ,meeting room,
会場,かいじょう,assembly hall or meeting place,
会話,かいわ,conversation,
帰り,かえり,return,
変える,かえる,to change,
科学,かがく,science,
鏡,かがみ,mirror,
掛ける,かける,to hang something,
飾る,かざる,to decorate,
火事,かじ,fire,
,ガス,gas,
堅/硬/固い,かたい,hard,
形,かたち,shape,
片付ける,かたづける,to tidy up,
課長,かちょう,section manager,
勝つ,かつ,to win,
家内,かない,housewife,
悲しい,かなしい,sad,
必ず,かならず,"certainly,necessarily",
お・金持ち,かねもち/おかねもち,rich man,
彼女,かのじょ,"she,girlfriend",
壁,かべ,wall,
髪,かみ,hair,
噛む,かむ,"to bite,to chew",
通う,かよう,to commute,
彼,かれ,"he,boyfriend",
乾く,かわく,to get dry,
代わり,かわり,"substitute,alternate",
変わる,かわる,to change,
考える,かんがえる,to consider,
関係,かんけい,relationship,
看護師,かんごし,nurse,
簡単,かんたん,simple,
気,き,"spirit,mood",
機会,きかい,opportunity,
危険,きけん,danger,
聞こえる,きこえる,to be heard,
汽車,きしゃ,steam train,
技術,ぎじゅつ,"art,technology,skill",
季節,きせつ,season,
規則,きそく,regulations,
,きっと,surely,
絹,きぬ,silk,
厳しい,きびしい,strict,
気分,きぶん,mood,
決る,きまる,to be decided,
君,きみ,(informal) You,
決める,きめる,to decide,
気持ち,きもち,"feeling,mood",
着物,きもの,kimono,
客,きゃく,"guest,customer",
急,きゅう,"urgent, steep",
急行,きゅうこう,"speedy, express",
教育,きょういく,education,
教会,きょうかい,church,
競争,きょうそう,competition,
興味,きょうみ,an interest,
近所,きんじょ,neighbourhood,
具合,ぐあい,"condition,health",
空気,くうき,"air,atmosphere",
空港,くうこう,airport,
草,くさ,grass,
首,くび,neck,
雲,くも,cloud,
比べる,くらべる,to compare,
,くれる,to give,
暮れる,くれる,"to get dark,to come to an end",
君,くん,suffix for familiar young male,
毛,け,hair or fur,
経済,けいざい,"finance,economy",
警察,けいさつ,police,
景色,けしき,"scene,landscape",
消しゴム,けしゴム,eraser,
下宿,げしゅく,lodging,
決して,けっして,never,
,けれど/けれども,however,
原因,げんいん,"cause,source",
,けんか・する,to quarrel,
研究,けんきゅう,research,
研究室,けんきゅうしつ,"study room,laboratory",
見物,けんぶつ,sightseeing,
子,こ,child,
,こう,this way,
郊外,こうがい,outskirts,
講義,こうぎ,lecture,
工業,こうぎょう,the manufacturing industry,
高校,こうこう,high school,
高校生,こうこうせい,high school student,
工場,こうじょう/こうば,"factory,plant,mill,workshop",
校長,こうちょう,headmaster,
交通,こうつう,"traffic,transportation",
講堂,こうどう,auditorium,
高等学校,こうとうがっこう,high school,
公務員,こうむいん,"civil servant, government worker",
国際,こくさい,international,
心,こころ,"heart, mind, core",
御主人,ごしゅじん,(honorable) your husband,
故障,こしょう・する,to break-down,
ご存じ,ごぞんじ,(respect form ) to know,
答,こたえ,response,
,ごちそう,a feast,
小鳥,ことり,small bird,
,このあいだ,"the other day,recently",
,このごろ,"these days,nowadays",
細かい,こまかい,"small, fine",
込む,こむ,to include,
米,こめ,uncooked rice,
,ごらんになる,(respectful) to see,
,これから,after this,
怖い,こわい,frightening,
壊す,こわす,to break,
壊れる,こわれる,to be broken,
今度,こんど,"now,next time",
今夜,こんや,tonight,
最近,さいきん,"latest,nowadays",
最後,さいご,"last,end",
最初,さいしょ,"beginning,first",
坂,さか,"slope,hill",
探す,さがす,to look for,
下る,さがる,"to get down,to descend",
盛ん,さかん,"popularity,prosperous",
下げる,さげる,"to hang,to lower,to move back",
差し上げる,さしあげる,(polite) to give,
,さっき,some time ago,
寂しい,さびしい,lonely,
さ来月,さらいげつ,the month after next,
さ来週,さらいしゅう,the week after next,
騒ぐ,さわぐ,"to make noise,to be excited",
触る,さわる,to touch,
産業,さんぎょう,industry,
残念,ざんねん,disappointment,
市,し,city,
字,じ,character,
試合,しあい,"match,game",
仕方,しかた,method,
試験,しけん,examination,
事故,じこ,accident,
地震,じしん,earthquake,
時代,じだい,era,
下着,したぎ,underwear,
,しっかり,"firmly,steadily",
失敗,しっぱい,"failure,mistake",
辞典,じてん,dictionary,
品物,しなもの,goods,
,しばらく,little while,
島,しま,island,
市民,しみん,citizen,
事務所,じむしょ,office,
社会,しゃかい,"society,public",
社長,しゃちょう,company president,
自由,じゆう,freedom,
習慣,しゅうかん,"custom,manners",
住所,じゅうしょ,"an address,a residence",
柔道,じゅうどう,judo,
十分,じゅうぶん,enough,
趣味,しゅみ,hobby,
紹介,しょうかい,introduction,
小学校,しょうがっこう,elementary school,
小説,しょうせつ,novel,
将来,しょうらい,"future,prospects",
食料品,しょくりょうひん,groceries,
女性,じょせい,woman,
知らせる,しらせる,to notify,
調べる,しらべる,to investigate,
人口,じんこう,population,
神社,じんじゃ,Shinto shrine,
親切,しんせつ,kindness,
新聞社,しんぶんしゃ,newspaper company,
水泳,すいえい,swimming,
水道,すいどう,water supply,
数学,すうがく,"mathematics,arithmetic",
過ぎる,すぎる,to exceed,
凄い,すごい,terrific,
進む,すすむ,to make progress,
,すっかり,completely,
,すっと,"straight,all of a sudden",
捨てる,すてる,to throw away,
砂,すな,sand,
滑る,すべる,"to slide,to slip",
隅,すみ,"corner,nook",
済む,すむ,to finish,
,すり,pickpocket,
,すると,then,
生活,せいかつ・する,to live,
生産,せいさん・する,to produce,
政治,せいじ,"politics,government",
西洋,せいよう,western countries,
世界,せかい,the world,
席,せき,seat,
説明,せつめい,explanation,
背中,せなか,back of the body,
線,せん,line,
戦争,せんそう,war,
先輩,せんぱい,senior,
,そう,really,
育てる,そだてる,"to rear,to bring up",
卒業,そつぎょう,graduation,
祖父,そふ,grandfather,x
祖母,そぼ,grandmother,x
,それで,because of that,
,それに,moreover,
,それほど,to that extent,
,そろそろ,"gradually,soon",
,そんな,that sort of,
,そんなに,"so much,like that",
退院,たいいん・する,to leave hospital,
大学生,だいがくせい,university student,
大事,だいじ,"important,valuable,serious matter",
大体,だいたい,generally,
,たいてい,usually,
大分,だいぶ,greatly,
台風,たいふう,typhoon,
倒れる,たおれる,to break down,
,だから,"so,therefore",
確か,たしか,definite,
足す,たす,to add a number,
訪ねる,たずねる,to visit,
尋ねる,たずねる,to ask,
正しい,ただしい,correct,
畳,たたみ,Japanese straw mat,
立てる,たてる,to stand something up,
建てる,たてる,to build,
例えば,たとえば,for example,
棚,たな,shelves,
楽しみ,たのしみ,joy,
楽む,たのしむ,to enjoy oneself,
,たまに,occasionally,
為,ため,in order to,
足りる,たりる,to be enough,
男性,だんせい,male,
暖房,だんぼう,heating,
血,ち,blood,
,チェック・する,to check,
力,ちから,"strength,power",
,ちっとも,not at all (used with a negative verb),
,ちゃん,suffix for familiar person,
注意,ちゅうい,caution,
中学校,ちゅうがっこう,"junior high school,middle school",
注射,ちゅうしゃ,injection,
駐車場,ちゅうしゃじょう,parking lot,
地理,ちり,geography,
捕まえる,つかまえる,to seize,
付く,つく,to be attached,
漬ける,つける,"to soak,to pickle",
都合,つごう,"circumstances,convenience",
伝える,つたえる,to report,
続く,つづく,to be continued,
続ける,つづける,to continue,
包む,つつむ,to wrap,
妻,つま,my wife,
,つもり,intention,
釣る,つる,to fish,
丁寧,ていねい,polite,
適当,てきとう,suitability,
手伝う,てつだう,to assist,
手袋,てぶくろ,glove,
寺,てら,temple,
点,てん,"point,dot",
店員,てんいん,shop assistant,
天気予報,てんきよほう,weather forecast,
電灯,でんとう,electric light,
電報,でんぽう,telegram,
展覧会,てんらんかい,exhibition,
都,と,metropolitan,
道具,どうぐ,"tool,means",
,とうとう,"finally, after all",
動物園,どうぶつえん,zoo,
遠く,とおく,distant,
通る,とおる,to go through,
特に,とくに,"particularly,especially",
特別,とくべつ,special,
,とこや,barber,
途中,とちゅう,on the way,
特急,とっきゅう,limited express train (faster than an express train),
届ける,とどける,"to send, to deliver, to report",
泊まる,とまる,to lodge at,
止める,とめる,to stop something,
取り替える,とりかえる,to exchange,
泥棒,どろぼう,thief,
,どんどん,more and more,
直す,なおす,"to fix,to repair",
直る,なおる,"to be fixed,to be repaired",
治る,なおる,"to be cured,to heal",
泣く,なく,to weep,
無くなる,なくなる,"to disappear,to get lost",
亡くなる,なくなる,to die,
投げる,なげる,to throw or cast away,
,なさる,(respectful) to do,
鳴る,なる,to sound,
,なるべく,as much as possible,
,なるほど,now I understand,
慣れる,なれる,to grow accustomed to,
苦い,にがい,bitter,
二階建て,にかいだて,two storied,
逃げる,にげる,to escape,
日記,にっき,journal,
入院,にゅういん・する,"to hospitalise, hospitalisation",
入学,にゅうがく・する,to enter school or university,
似る,にる,to be similar,
人形,にんぎょう,"doll, figure",
盗む,ぬすむ,to steal,
塗る,ぬる,"to paint, to colour, to plaster",
,ぬれる,to get wet,
,ねだん,price,
熱,ねつ,fever,
寝坊,ねぼう,sleeping in late,
眠い,ねむい,sleepy,
眠る,ねむる,to sleep,
残る,のこる,to remain,
乗り換える,のりかえる,to change between buses or trains,
乗り物,のりもの,vehicle,
葉,は,leaf,
場合,ばあい,situation,
倍,ばい,double,
拝見,はいけん・する,(humble) to look at,
歯医者,はいしゃ,dentist,
運ぶ,はこぶ,to transport,
始める,はじめる,to begin,
場所,ばしょ,location,
,はず,it should be so,
恥ずかしい,はずかしい,embarrassed,
発音,はつおん,pronunciation,
,はっきり,clearly,
花見,はなみ,cherry-blossom viewing,x
林,はやし,"woods,forester",
払う,はらう,to pay,
番組,ばんぐみ,television or radio program,
反対,はんたい,opposition,
日,ひ,"day, sun",x
火,ひ,fire,x
冷える,ひえる,to grow cold,
光,ひかり,light,
光る,ひかる,"to shine,to glitter",
引き出し,ひきだし,"drawer,drawing out",
,ひきだす,to withdraw,
,ひげ,beard,
飛行場,ひこうじょう,airport,
久しぶり,ひさしぶり,after a long time,,
美術館,びじゅつかん,art gallery,
非常に,ひじょうに,extremely,
引っ越す,ひっこす,to move house,
必要,ひつよう,necessary,
,ひどい,awful,
開く,ひらく,to open an event,
昼間,ひるま,"daytime,during the day",
昼休み,ひるやすみ,noon break,
拾う,ひろう,"to pick up,to gather",
増える,ふえる,to increase,
深い,ふかい,deep,
複雑,ふくざつ,"complexity,complication",
復習,ふくしゅう,revision,
部長,ぶちょう,head of a section,
普通,ふつう,"usually, or a train that stops at every station",
,ぶどう,grapes,
太る,ふとる,to become fat,
布団,ふとん,"Japanese bedding, futon",
舟,ふね,ship,
不便,ふべん,inconvenience,
踏む,ふむ,to step on,
降り出す,ふりだす,to start to rain,
文化,ぶんか,culture,
文学,ぶんがく,literature,
文法,ぶんぽう,grammar,
別,べつ,different,
変,へん,strange,
返事,へんじ,reply,
貿易,ぼうえき,trade,
法律,ほうりつ,law,
僕,ぼく,I (used by males),
星,ほし,star,
,ほとんど,mostly,
,ほめる,to praise,
翻訳,ほんやく,translation,
参る,まいる,"(humble) to go,to come",
負ける,まける,to lose,
,または,"or,otherwise",
間違える,まちがえる,to make a mistake,
間に合う,まにあう,to be in time for,
周り,まわり,surroundings,
回る,まわる,to go around,
漫画,まんが,comic,
真中,まんなか,middle,
見える,みえる,to be in sight,
湖,みずうみ,lake,
味噌,みそ,"miso, soybean paste",
見つかる,みつかる,to be discovered,
見つける,みつける,to discover,
皆,みな,everybody,
港,みなと,harbour,
向かう,むかう,to face,
迎える,むかえる,to go out to meet,
昔,むかし,"old times, old days, long ago, formerly",
虫,むし,insect,
息子,むすこ,(humble) son,
娘,むすめ,(humble) daughter,
無理,むり,impossible,
召し上がる,めしあがる,(polite) to eat,
珍しい,めずらしい,rare,
申し上げる,もうしあげる,"(humble) to say,to tell",
申す,もうす,"(humble) to be called,to say",
,もうすぐ,soon,
,もし,if,
戻る,もどる,to turn back,
木綿,もめん,cotton,
森,もり,forest,
焼く,やく,"to bake,to grill",
約束,やくそく,promise,
役に立つ,やくにたつ,to be helpful,
焼ける,やける,"to burn,to be roasted",
優しい,やさしい,kind,
痩せる,やせる,to become thin,
,やっと,at last,
止む,やむ,to stop,
止める,やめる,to stop,
柔らかい,やわらかい,soft,
湯,ゆ,hot water,
指,ゆび,finger,
指輪,ゆびわ,a ring,
夢,ゆめ,dream,
揺れる,ゆれる,"to shake,to sway",
用,よう,use,
用意,ようい,preparation,
用事,ようじ,things to do,
汚れる,よごれる,to get dirty,
予習,よしゅう,preparation for a lesson,
予定,よてい,arrangement,
予約,よやく,reservation,
寄る,よる,to visit,
喜ぶ,よろこぶ,to be delighted,
理由,りゆう,reason,
利用,りよう,utilization,
両方,りょうほう,both sides,
旅館,りょかん,Japanese hotel,
留守,るす,absence,
冷房,れいぼう,air conditioning,
歴史,れきし,history,
連絡,れんらく,contact,
沸かす,わかす,"to boil,to heat",
別れる,わかれる,to separate,
沸く,わく,"to boil, to grow hot,to get excited",
訳,わけ,"meaning,reason",
忘れ物,わすれもの,lost article,
笑う,わらう,"to laugh,to smile",
割合,わりあい,"rate,ratio,percentage",
割れる,われる,to break,
,アクセサリー,accessory,
,アジア,Asia,
,アナウンサー,announcer,
,アフリカ,Africa,
,アメリカ,America,
,アルコール,alcohol,
,アルバイト,part-time job,
,エスカレーター,escalator,
,オートバイ,motorcycle,
,カーテン,curtain,
,ガス,gas,
,ガソリン,petrol,
,ガソリンスタンド,petrol station,
,ガラス,a glass pane,
,ケーキ,cake,
消しゴム,けしゴム,"eraser, rubber",
,コンサート,concert,
,コンピューター,computer,
,サラダ,salad,
,サンダル,sandal,
,サンドイッチ,sandwich,
,ジャム,jam,
,スーツ,suit,
,スーツケース,suitcase,
,スクリーン,screen,
,ステーキ,steak,
,ステレオ,stereo,
,ソフト,soft,
,タイプ,"type,style",
,チェック・する,to check,
,テキスト,"text,text book",
,テニス,tennis,
,パート,part time,
,パソコン,personal computer,
,ハンドバッグ,handbag,
,ピアノ,piano,
,ビル,building or bill,
,ファックス,fax,
,プレゼント,present,
,ベル,bell,
,レジ,register,
,レポート/リポート,report,
,ワープロ,word processor,
